Reservoir,dx,dy,MaxStorage,LiveStorage,LiveStoragePerc,PriorYearStorageChange,Month,Year
Lake Powell,1905787.703,27117496.67,24312.76596,11427,47,4,1,2007
Lake Mead,998719.6702,26754185.72,26121.51899,10318,39.5,5,1,2007
Lake Mohave,936085.2364,26495712.85,1700,1651,97.12,10,1,2007
Lake Havasu,1017148.235,26151687.08,600,554,92.33,12,1,2007
Lake Powell,1905787.703,27117496.67,24312.76596,18477.70213,76,4,2,2007
Lake Mead,998719.6702,26754185.72,26121.51899,25860.3038,99,5,2,2007
Lake Mohave,936085.2364,26495712.85,1700,629,37,10,2,2007
Lake Havasu,1017148.235,26151687.08,600,564,94,12,2,2007
Lake Powell,1905787.703,27117496.67,24312.76596,11427,47,4,3,2007
Lake Mead,998719.6702,26754185.72,26121.51899,8881.316456,34,5,3,2007
Lake Mohave,936085.2364,26495712.85,1700,799,47,10,3,2007
Lake Havasu,1017148.235,26151687.08,600,420,70,12,3,2007
Lake Powell,1905787.703,27117496.67,24312.76596,10940.74468,45,4,4,2007
Lake Mead,998719.6702,26754185.72,26121.51899,16195.34177,62,5,4,2007
Lake Mohave,936085.2364,26495712.85,1700,748,44,10,4,2007
Lake Havasu,1017148.235,26151687.08,600,558,93,12,4,2007
Lake Powell,1905787.703,27117496.67,24312.76596,16532.68085,68,4,5,2007
Lake Mead,998719.6702,26754185.72,26121.51899,19329.92405,74,5,5,2007
Lake Mohave,936085.2364,26495712.85,1700,646,38,10,5,2007
Lake Havasu,1017148.235,26151687.08,600,408,68,12,5,2007
Lake Powell,1905787.703,27117496.67,24312.76596,8995.723404,37,4,6,2007
Lake Mead,998719.6702,26754185.72,26121.51899,14105.62025,54,5,6,2007
Lake Mohave,936085.2364,26495712.85,1700,1547,91,10,6,2007
Lake Havasu,1017148.235,26151687.08,600,342,57,12,6,2007
Lake Powell,1905787.703,27117496.67,24312.76596,21395.23404,88,4,7,2007
Lake Mead,998719.6702,26754185.72,26121.51899,9142.531646,35,5,7,2007
Lake Mohave,936085.2364,26495712.85,1700,1564,92,10,7,2007
Lake Havasu,1017148.235,26151687.08,600,594,99,12,7,2007
Lake Powell,1905787.703,27117496.67,24312.76596,19693.34043,81,4,8,2007
Lake Mead,998719.6702,26754185.72,26121.51899,12015.89873,46,5,8,2007
Lake Mohave,936085.2364,26495712.85,1700,1309,77,10,8,2007
Lake Havasu,1017148.235,26151687.08,600,522,87,12,8,2007
Lake Powell,1905787.703,27117496.67,24312.76596,22367.74468,92,4,9,2007
Lake Mead,998719.6702,26754185.72,26121.51899,22203.29114,85,5,9,2007
Lake Mohave,936085.2364,26495712.85,1700,1564,92,10,9,2007
Lake Havasu,1017148.235,26151687.08,600,444,74,12,9,2007
Lake Powell,1905787.703,27117496.67,24312.76596,24312.76596,100,4,10,2007
Lake Mead,998719.6702,26754185.72,26121.51899,25599.08861,98,5,10,2007
Lake Mohave,936085.2364,26495712.85,1700,1513,89,10,10,2007
Lake Havasu,1017148.235,26151687.08,600,234,39,12,10,2007
Lake Powell,1905787.703,27117496.67,24312.76596,13372.02128,55,4,11,2007
Lake Mead,998719.6702,26754185.72,26121.51899,22464.50633,86,5,11,2007
Lake Mohave,936085.2364,26495712.85,1700,1241,73,10,11,2007
Lake Havasu,1017148.235,26151687.08,600,252,42,12,11,2007
Lake Powell,1905787.703,27117496.67,24312.76596,9481.978723,39,4,12,2007
Lake Mead,998719.6702,26754185.72,26121.51899,22986.93671,88,5,12,2007
Lake Mohave,936085.2364,26495712.85,1700,969,57,10,12,2007
Lake Havasu,1017148.235,26151687.08,600,426,71,12,12,2007
Lake Powell,1905787.703,27117496.67,24312.76596,16532.68085,68,44.68085106,1,2008
Lake Mead,998719.6702,26754185.72,26121.51899,9142.531646,35,-11.39240506,1,2008
Lake Mohave,936085.2364,26495712.85,1700,1394,82,-15.56632344,1,2008
Lake Havasu,1017148.235,26151687.08,600,366,61,-33.93501805,1,2008
Lake Powell,1905787.703,27117496.67,24312.76596,19693.34043,81,6.578947368,2,2008
Lake Mead,998719.6702,26754185.72,26121.51899,24031.79747,92,-7.070707071,2,2008
Lake Mohave,936085.2364,26495712.85,1700,1377,81,118.9189189,2,2008
Lake Havasu,1017148.235,26151687.08,600,420,70,-25.53191489,2,2008
Lake Powell,1905787.703,27117496.67,24312.76596,23340.25532,96,104.2553191,3,2008
Lake Mead,998719.6702,26754185.72,26121.51899,17501.41772,67,97.05882353,3,2008
Lake Mohave,936085.2364,26495712.85,1700,1139,67,42.55319149,3,2008
Lake Havasu,1017148.235,26151687.08,600,504,84,20,3,2008
Lake Powell,1905787.703,27117496.67,24312.76596,23340.25532,96,113.3333333,4,2008
Lake Mead,998719.6702,26754185.72,26121.51899,21942.07595,84,35.48387097,4,2008
Lake Mohave,936085.2364,26495712.85,1700,1088,64,45.45454545,4,2008
Lake Havasu,1017148.235,26151687.08,600,330,55,-40.86021505,4,2008
Lake Powell,1905787.703,27117496.67,24312.76596,16046.42553,66,-2.941176471,5,2008
Lake Mead,998719.6702,26754185.72,26121.51899,15934.12658,61,-17.56756757,5,2008
Lake Mohave,936085.2364,26495712.85,1700,731,43,13.15789474,5,2008
Lake Havasu,1017148.235,26151687.08,600,468,78,14.70588235,5,2008
Lake Powell,1905787.703,27117496.67,24312.76596,23097.12766,95,156.7567568,6,2008
Lake Mead,998719.6702,26754185.72,26121.51899,24031.79747,92,70.37037037,6,2008
Lake Mohave,936085.2364,26495712.85,1700,833,49,-46.15384615,6,2008
Lake Havasu,1017148.235,26151687.08,600,384,64,12.28070175,6,2008
Lake Powell,1905787.703,27117496.67,24312.76596,12399.51064,51,-42.04545455,7,2008
Lake Mead,998719.6702,26754185.72,26121.51899,12799.5443,49,40,7,2008
Lake Mohave,936085.2364,26495712.85,1700,646,38,-58.69565217,7,2008
Lake Havasu,1017148.235,26151687.08,600,432,72,-27.27272727,7,2008
Lake Powell,1905787.703,27117496.67,24312.76596,20665.85106,85,4.938271605,8,2008
Lake Mead,998719.6702,26754185.72,26121.51899,23248.1519,89,93.47826087,8,2008
Lake Mohave,936085.2364,26495712.85,1700,1411,83,7.792207792,8,2008
Lake Havasu,1017148.235,26151687.08,600,402,67,-22.98850575,8,2008
Lake Powell,1905787.703,27117496.67,24312.76596,17991.44681,74,-19.56521739,9,2008
Lake Mead,998719.6702,26754185.72,26121.51899,21158.43038,81,-4.705882353,9,2008
Lake Mohave,936085.2364,26495712.85,1700,1479,87,-5.434782609,9,2008
Lake Havasu,1017148.235,26151687.08,600,348,58,-21.62162162,9,2008
Lake Powell,1905787.703,27117496.67,24312.76596,13858.2766,57,-43,10,2008
Lake Mead,998719.6702,26754185.72,26121.51899,22203.29114,85,-13.26530612,10,2008
Lake Mohave,936085.2364,26495712.85,1700,663,39,-56.17977528,10,2008
Lake Havasu,1017148.235,26151687.08,600,432,72,84.61538462,10,2008
Lake Powell,1905787.703,27117496.67,24312.76596,17748.31915,73,32.72727273,11,2008
Lake Mead,998719.6702,26754185.72,26121.51899,19329.92405,74,-13.95348837,11,2008
Lake Mohave,936085.2364,26495712.85,1700,646,38,-47.94520548,11,2008
Lake Havasu,1017148.235,26151687.08,600,510,85,102.3809524,11,2008
Lake Powell,1905787.703,27117496.67,24312.76596,20422.7234,84,115.3846154,12,2008
Lake Mead,998719.6702,26754185.72,26121.51899,18807.49367,72,-18.18181818,12,2008
Lake Mohave,936085.2364,26495712.85,1700,561,33,-42.10526316,12,2008
Lake Havasu,1017148.235,26151687.08,600,366,61,-14.08450704,12,2008
Lake Powell,1905787.703,27117496.67,24312.76596,22367.74468,92,35.29411765,1,2009
Lake Mead,998719.6702,26754185.72,26121.51899,24031.79747,92,162.8571429,1,2009
Lake Mohave,936085.2364,26495712.85,1700,612,36,-56.09756098,1,2009
Lake Havasu,1017148.235,26151687.08,600,180,30,-50.81967213,1,2009
Lake Powell,1905787.703,27117496.67,24312.76596,22124.61702,91,12.34567901,2,2009
Lake Mead,998719.6702,26754185.72,26121.51899,25860.3038,99,7.608695652,2,2009
Lake Mohave,936085.2364,26495712.85,1700,986,58,-28.39506173,2,2009
Lake Havasu,1017148.235,26151687.08,600,198,33,-52.85714286,2,2009
Lake Powell,1905787.703,27117496.67,24312.76596,17262.06383,71,-26.04166667,3,2009
Lake Mead,998719.6702,26754185.72,26121.51899,12538.32911,48,-28.35820896,3,2009
Lake Mohave,936085.2364,26495712.85,1700,1275,75,11.94029851,3,2009
Lake Havasu,1017148.235,26151687.08,600,192,32,-61.9047619,3,2009
Lake Powell,1905787.703,27117496.67,24312.76596,11183.87234,46,-52.08333333,4,2009
Lake Mead,998719.6702,26754185.72,26121.51899,24293.01266,93,10.71428571,4,2009
Lake Mohave,936085.2364,26495712.85,1700,1547,91,42.1875,4,2009
Lake Havasu,1017148.235,26151687.08,600,288,48,-12.72727273,4,2009
Lake Powell,1905787.703,27117496.67,24312.76596,16775.80851,69,4.545454545,5,2009
Lake Mead,998719.6702,26754185.72,26121.51899,21158.43038,81,32.78688525,5,2009
Lake Mohave,936085.2364,26495712.85,1700,1615,95,120.9302326,5,2009
Lake Havasu,1017148.235,26151687.08,600,240,40,-48.71794872,5,2009
Lake Powell,1905787.703,27117496.67,24312.76596,9725.106383,40,-57.89473684,6,2009
Lake Mead,998719.6702,26754185.72,26121.51899,9142.531646,35,-61.95652174,6,2009
Lake Mohave,936085.2364,26495712.85,1700,850,50,2.040816327,6,2009
Lake Havasu,1017148.235,26151687.08,600,492,82,28.125,6,2009
Lake Powell,1905787.703,27117496.67,24312.76596,7536.957447,31,-39.21568627,7,2009
Lake Mead,998719.6702,26754185.72,26121.51899,25076.65823,96,95.91836735,7,2009
Lake Mohave,936085.2364,26495712.85,1700,986,58,52.63157895,7,2009
Lake Havasu,1017148.235,26151687.08,600,474,79,9.722222222,7,2009
Lake Powell,1905787.703,27117496.67,24312.76596,7536.957447,31,-63.52941176,8,2009
Lake Mead,998719.6702,26754185.72,26121.51899,12015.89873,46,-48.31460674,8,2009
Lake Mohave,936085.2364,26495712.85,1700,799,47,-43.37349398,8,2009
Lake Havasu,1017148.235,26151687.08,600,426,71,5.970149254,8,2009
Lake Powell,1905787.703,27117496.67,24312.76596,14587.65957,60,-18.91891892,9,2009
Lake Mead,998719.6702,26754185.72,26121.51899,17240.20253,66,-18.51851852,9,2009
Lake Mohave,936085.2364,26495712.85,1700,1411,83,-4.597701149,9,2009
Lake Havasu,1017148.235,26151687.08,600,360,60,3.448275862,9,2009
Lake Powell,1905787.703,27117496.67,24312.76596,20422.7234,84,47.36842105,10,2009
Lake Mead,998719.6702,26754185.72,26121.51899,12538.32911,48,-43.52941176,10,2009
Lake Mohave,936085.2364,26495712.85,1700,1377,81,107.6923077,10,2009
Lake Havasu,1017148.235,26151687.08,600,198,33,-54.16666667,10,2009
Lake Powell,1905787.703,27117496.67,24312.76596,14830.78723,61,-16.43835616,11,2009
Lake Mead,998719.6702,26754185.72,26121.51899,20636,79,6.756756757,11,2009
Lake Mohave,936085.2364,26495712.85,1700,1683,99,160.5263158,11,2009
Lake Havasu,1017148.235,26151687.08,600,336,56,-34.11764706,11,2009
Lake Powell,1905787.703,27117496.67,24312.76596,17748.31915,73,-13.0952381,12,2009
Lake Mead,998719.6702,26754185.72,26121.51899,16978.98734,65,-9.722222222,12,2009
Lake Mohave,936085.2364,26495712.85,1700,1241,73,121.2121212,12,2009
Lake Havasu,1017148.235,26151687.08,600,390,65,6.557377049,12,2009
Lake Powell,1905787.703,27117496.67,24312.76596,24312.76596,100,8.695652174,1,2010
Lake Mead,998719.6702,26754185.72,26121.51899,13321.97468,51,-44.56521739,1,2010
Lake Mohave,936085.2364,26495712.85,1700,969,57,58.33333333,1,2010
Lake Havasu,1017148.235,26151687.08,600,570,95,216.6666667,1,2010
Lake Powell,1905787.703,27117496.67,24312.76596,13128.89362,54,-40.65934066,2,2010
Lake Mead,998719.6702,26754185.72,26121.51899,24031.79747,92,-7.070707071,2,2010
Lake Mohave,936085.2364,26495712.85,1700,1445,85,46.55172414,2,2010
Lake Havasu,1017148.235,26151687.08,600,426,71,115.1515152,2,2010
Lake Powell,1905787.703,27117496.67,24312.76596,10697.61702,44,-38.02816901,3,2010
Lake Mead,998719.6702,26754185.72,26121.51899,24815.44304,95,97.91666667,3,2010
Lake Mohave,936085.2364,26495712.85,1700,578,34,-54.66666667,3,2010
Lake Havasu,1017148.235,26151687.08,600,510,85,165.625,3,2010
Lake Powell,1905787.703,27117496.67,24312.76596,12885.76596,53,15.2173913,4,2010
Lake Mead,998719.6702,26754185.72,26121.51899,10448.60759,40,-56.98924731,4,2010
Lake Mohave,936085.2364,26495712.85,1700,527,31,-65.93406593,4,2010
Lake Havasu,1017148.235,26151687.08,600,264,44,-8.333333333,4,2010
Lake Powell,1905787.703,27117496.67,24312.76596,10211.3617,42,-39.13043478,5,2010
Lake Mead,998719.6702,26754185.72,26121.51899,19591.13924,75,-7.407407407,5,2010
Lake Mohave,936085.2364,26495712.85,1700,1173,69,-27.36842105,5,2010
Lake Havasu,1017148.235,26151687.08,600,294,49,22.5,5,2010
Lake Powell,1905787.703,27117496.67,24312.76596,20179.59574,83,107.5,6,2010
Lake Mead,998719.6702,26754185.72,26121.51899,15150.48101,58,65.71428571,6,2010
Lake Mohave,936085.2364,26495712.85,1700,1649,97,94,6,2010
Lake Havasu,1017148.235,26151687.08,600,372,62,-24.3902439,6,2010
Lake Powell,1905787.703,27117496.67,24312.76596,7780.085106,32,3.225806452,7,2010
Lake Mead,998719.6702,26754185.72,26121.51899,21942.07595,84,-12.5,7,2010
Lake Mohave,936085.2364,26495712.85,1700,697,41,-29.31034483,7,2010
Lake Havasu,1017148.235,26151687.08,600,318,53,-32.91139241,7,2010
Lake Powell,1905787.703,27117496.67,24312.76596,20908.97872,86,177.4193548,8,2010
Lake Mead,998719.6702,26754185.72,26121.51899,9664.962025,37,-19.56521739,8,2010
Lake Mohave,936085.2364,26495712.85,1700,986,58,23.40425532,8,2010
Lake Havasu,1017148.235,26151687.08,600,234,39,-45.07042254,8,2010
Lake Powell,1905787.703,27117496.67,24312.76596,18720.82979,77,28.33333333,9,2010
Lake Mead,998719.6702,26754185.72,26121.51899,14105.62025,54,-18.18181818,9,2010
Lake Mohave,936085.2364,26495712.85,1700,1343,79,-4.819277108,9,2010
Lake Havasu,1017148.235,26151687.08,600,426,71,18.33333333,9,2010
Lake Powell,1905787.703,27117496.67,24312.76596,18477.70213,76,-9.523809524,10,2010
Lake Mead,998719.6702,26754185.72,26121.51899,24031.79747,92,91.66666667,10,2010
Lake Mohave,936085.2364,26495712.85,1700,935,55,-32.09876543,10,2010
Lake Havasu,1017148.235,26151687.08,600,534,89,169.6969697,10,2010
Lake Powell,1905787.703,27117496.67,24312.76596,14587.65957,60,-1.639344262,11,2010
Lake Mead,998719.6702,26754185.72,26121.51899,18285.06329,70,-11.39240506,11,2010
Lake Mohave,936085.2364,26495712.85,1700,748,44,-55.55555556,11,2010
Lake Havasu,1017148.235,26151687.08,600,294,49,-12.5,11,2010
Lake Powell,1905787.703,27117496.67,24312.76596,9725.106383,40,-45.20547945,12,2010
Lake Mead,998719.6702,26754185.72,26121.51899,14105.62025,54,-16.92307692,12,2010
Lake Mohave,936085.2364,26495712.85,1700,1343,79,8.219178082,12,2010
Lake Havasu,1017148.235,26151687.08,600,360,60,-7.692307692,12,2010
Lake Powell,1905787.703,27117496.67,24312.76596,17262.06383,71,-29,1,2011
Lake Mead,998719.6702,26754185.72,26121.51899,16717.77215,64,25.49019608,1,2011
Lake Mohave,936085.2364,26495712.85,1700,1088,64,12.28070175,1,2011
Lake Havasu,1017148.235,26151687.08,600,330,55,-42.10526316,1,2011
Lake Powell,1905787.703,27117496.67,24312.76596,10697.61702,44,-18.51851852,2,2011
Lake Mead,998719.6702,26754185.72,26121.51899,21158.43038,81,-11.95652174,2,2011
Lake Mohave,936085.2364,26495712.85,1700,969,57,-32.94117647,2,2011
Lake Havasu,1017148.235,26151687.08,600,540,90,26.76056338,2,2011
Lake Powell,1905787.703,27117496.67,24312.76596,23826.51064,98,122.7272727,3,2011
Lake Mead,998719.6702,26754185.72,26121.51899,22725.72152,87,-8.421052632,3,2011
Lake Mohave,936085.2364,26495712.85,1700,1547,91,167.6470588,3,2011
Lake Havasu,1017148.235,26151687.08,600,444,74,-12.94117647,3,2011
Lake Powell,1905787.703,27117496.67,24312.76596,19693.34043,81,52.83018868,4,2011
Lake Mead,998719.6702,26754185.72,26121.51899,16978.98734,65,62.5,4,2011
Lake Mohave,936085.2364,26495712.85,1700,1700,100,222.5806452,4,2011
Lake Havasu,1017148.235,26151687.08,600,462,77,75,4,2011
Lake Powell,1905787.703,27117496.67,24312.76596,13615.14894,56,33.33333333,5,2011
Lake Mead,998719.6702,26754185.72,26121.51899,14889.26582,57,-24,5,2011
Lake Mohave,936085.2364,26495712.85,1700,1564,92,33.33333333,5,2011
Lake Havasu,1017148.235,26151687.08,600,342,57,16.32653061,5,2011
Lake Powell,1905787.703,27117496.67,24312.76596,17505.19149,72,-13.25301205,6,2011
Lake Mead,998719.6702,26754185.72,26121.51899,13060.75949,50,-13.79310345,6,2011
Lake Mohave,936085.2364,26495712.85,1700,1003,59,-39.17525773,6,2011
Lake Havasu,1017148.235,26151687.08,600,450,75,20.96774194,6,2011
Lake Powell,1905787.703,27117496.67,24312.76596,21638.3617,89,178.125,7,2011
Lake Mead,998719.6702,26754185.72,26121.51899,17240.20253,66,-21.42857143,7,2011
Lake Mohave,936085.2364,26495712.85,1700,1037,61,48.7804878,7,2011
Lake Havasu,1017148.235,26151687.08,600,486,81,52.83018868,7,2011
Lake Powell,1905787.703,27117496.67,24312.76596,8509.468085,35,-59.30232558,8,2011
Lake Mead,998719.6702,26754185.72,26121.51899,17240.20253,66,78.37837838,8,2011
Lake Mohave,936085.2364,26495712.85,1700,765,45,-22.4137931,8,2011
Lake Havasu,1017148.235,26151687.08,600,600,100,156.4102564,8,2011
Lake Powell,1905787.703,27117496.67,24312.76596,22367.74468,92,19.48051948,9,2011
Lake Mead,998719.6702,26754185.72,26121.51899,15411.6962,59,9.259259259,9,2011
Lake Mohave,936085.2364,26495712.85,1700,714,42,-46.83544304,9,2011
Lake Havasu,1017148.235,26151687.08,600,510,85,19.71830986,9,2011
Lake Powell,1905787.703,27117496.67,24312.76596,11427,47,-38.15789474,10,2011
Lake Mead,998719.6702,26754185.72,26121.51899,17240.20253,66,-28.26086957,10,2011
Lake Mohave,936085.2364,26495712.85,1700,1037,61,10.90909091,10,2011
Lake Havasu,1017148.235,26151687.08,600,474,79,-11.23595506,10,2011
Lake Powell,1905787.703,27117496.67,24312.76596,17505.19149,72,20,11,2011
Lake Mead,998719.6702,26754185.72,26121.51899,19591.13924,75,7.142857143,11,2011
Lake Mohave,936085.2364,26495712.85,1700,1377,81,84.09090909,11,2011
Lake Havasu,1017148.235,26151687.08,600,324,54,10.20408163,11,2011
Lake Powell,1905787.703,27117496.67,24312.76596,8995.723404,37,-7.5,12,2011
Lake Mead,998719.6702,26754185.72,26121.51899,21158.43038,81,50,12,2011
Lake Mohave,936085.2364,26495712.85,1700,1309,77,-2.53164557,12,2011
Lake Havasu,1017148.235,26151687.08,600,426,71,18.33333333,12,2011
Lake Powell,1905787.703,27117496.67,24312.76596,11670.12766,48,-32.3943662,1,2012
Lake Mead,998719.6702,26754185.72,26121.51899,21942.07595,84,31.25,1,2012
Lake Mohave,936085.2364,26495712.85,1700,1241,73,14.0625,1,2012
Lake Havasu,1017148.235,26151687.08,600,456,76,38.18181818,1,2012
Lake Powell,1905787.703,27117496.67,24312.76596,21395.23404,88,100,2,2012
Lake Mead,998719.6702,26754185.72,26121.51899,25076.65823,96,18.51851852,2,2012
Lake Mohave,936085.2364,26495712.85,1700,1632,96,68.42105263,2,2012
Lake Havasu,1017148.235,26151687.08,600,396,66,-26.66666667,2,2012
Lake Powell,1905787.703,27117496.67,24312.76596,24069.6383,99,1.020408163,3,2012
Lake Mead,998719.6702,26754185.72,26121.51899,13321.97468,51,-41.37931034,3,2012
Lake Mohave,936085.2364,26495712.85,1700,765,45,-50.54945055,3,2012
Lake Havasu,1017148.235,26151687.08,600,552,92,24.32432432,3,2012
Lake Powell,1905787.703,27117496.67,24312.76596,9481.978723,39,-51.85185185,4,2012
Lake Mead,998719.6702,26754185.72,26121.51899,24031.79747,92,41.53846154,4,2012
Lake Mohave,936085.2364,26495712.85,1700,1564,92,-8,4,2012
Lake Havasu,1017148.235,26151687.08,600,192,32,-58.44155844,4,2012
Lake Powell,1905787.703,27117496.67,24312.76596,18234.57447,75,33.92857143,5,2012
Lake Mead,998719.6702,26754185.72,26121.51899,18546.27848,71,24.56140351,5,2012
Lake Mohave,936085.2364,26495712.85,1700,1326,78,-15.2173913,5,2012
Lake Havasu,1017148.235,26151687.08,600,510,85,49.12280702,5,2012
Lake Powell,1905787.703,27117496.67,24312.76596,22124.61702,91,26.38888889,6,2012
Lake Mead,998719.6702,26754185.72,26121.51899,21158.43038,81,62,6,2012
Lake Mohave,936085.2364,26495712.85,1700,1649,97,64.40677966,6,2012
Lake Havasu,1017148.235,26151687.08,600,354,59,-21.33333333,6,2012
Lake Powell,1905787.703,27117496.67,24312.76596,21152.10638,87,-2.247191011,7,2012
Lake Mead,998719.6702,26754185.72,26121.51899,9403.746835,36,-45.45454545,7,2012
Lake Mohave,936085.2364,26495712.85,1700,1292,76,24.59016393,7,2012
Lake Havasu,1017148.235,26151687.08,600,498,83,2.469135802,7,2012
Lake Powell,1905787.703,27117496.67,24312.76596,13615.14894,56,60,8,2012
Lake Mead,998719.6702,26754185.72,26121.51899,18807.49367,72,9.090909091,8,2012
Lake Mohave,936085.2364,26495712.85,1700,731,43,-4.444444444,8,2012
Lake Havasu,1017148.235,26151687.08,600,444,74,-26,8,2012
Lake Powell,1905787.703,27117496.67,24312.76596,11183.87234,46,-50,9,2012
Lake Mead,998719.6702,26754185.72,26121.51899,14105.62025,54,-8.474576271,9,2012
Lake Mohave,936085.2364,26495712.85,1700,1632,96,128.5714286,9,2012
Lake Havasu,1017148.235,26151687.08,600,492,82,-3.529411765,9,2012
Lake Powell,1905787.703,27117496.67,24312.76596,14830.78723,61,29.78723404,10,2012
Lake Mead,998719.6702,26754185.72,26121.51899,17240.20253,66,0,10,2012
Lake Mohave,936085.2364,26495712.85,1700,1241,73,19.67213115,10,2012
Lake Havasu,1017148.235,26151687.08,600,318,53,-32.91139241,10,2012
Lake Powell,1905787.703,27117496.67,24312.76596,15317.04255,63,-12.5,11,2012
Lake Mead,998719.6702,26754185.72,26121.51899,8097.670886,31,-58.66666667,11,2012
Lake Mohave,936085.2364,26495712.85,1700,1445,85,4.938271605,11,2012
Lake Havasu,1017148.235,26151687.08,600,378,63,16.66666667,11,2012
Lake Powell,1905787.703,27117496.67,24312.76596,20422.7234,84,127.027027,12,2012
Lake Mead,998719.6702,26754185.72,26121.51899,16978.98734,65,-19.75308642,12,2012
Lake Mohave,936085.2364,26495712.85,1700,714,42,-45.45454545,12,2012
Lake Havasu,1017148.235,26151687.08,600,546,91,28.16901408,12,2012
Lake Powell,1905787.703,27117496.67,24312.76596,19450.21277,80,66.66666667,1,2013
Lake Mead,998719.6702,26754185.72,26121.51899,14105.62025,54,-35.71428571,1,2013
Lake Mohave,936085.2364,26495712.85,1700,595,35,-52.05479452,1,2013
Lake Havasu,1017148.235,26151687.08,600,534,89,17.10526316,1,2013
Lake Powell,1905787.703,27117496.67,24312.76596,19693.34043,81,-7.954545455,2,2013
Lake Mead,998719.6702,26754185.72,26121.51899,20636,79,-17.70833333,2,2013
Lake Mohave,936085.2364,26495712.85,1700,595,35,-63.54166667,2,2013
Lake Havasu,1017148.235,26151687.08,600,540,90,36.36363636,2,2013
Lake Powell,1905787.703,27117496.67,24312.76596,21395.23404,88,-11.11111111,3,2013
Lake Mead,998719.6702,26754185.72,26121.51899,24293.01266,93,82.35294118,3,2013
Lake Mohave,936085.2364,26495712.85,1700,935,55,22.22222222,3,2013
Lake Havasu,1017148.235,26151687.08,600,204,34,-63.04347826,3,2013
Lake Powell,1905787.703,27117496.67,24312.76596,12399.51064,51,30.76923077,4,2013
Lake Mead,998719.6702,26754185.72,26121.51899,13583.18987,52,-43.47826087,4,2013
Lake Mohave,936085.2364,26495712.85,1700,952,56,-39.13043478,4,2013
Lake Havasu,1017148.235,26151687.08,600,276,46,43.75,4,2013
Lake Powell,1905787.703,27117496.67,24312.76596,15317.04255,63,-16,5,2013
Lake Mead,998719.6702,26754185.72,26121.51899,9403.746835,36,-49.29577465,5,2013
Lake Mohave,936085.2364,26495712.85,1700,748,44,-43.58974359,5,2013
Lake Havasu,1017148.235,26151687.08,600,360,60,-29.41176471,5,2013
Lake Powell,1905787.703,27117496.67,24312.76596,23826.51064,98,7.692307692,6,2013
Lake Mead,998719.6702,26754185.72,26121.51899,24031.79747,92,13.58024691,6,2013
Lake Mohave,936085.2364,26495712.85,1700,1156,68,-29.89690722,6,2013
Lake Havasu,1017148.235,26151687.08,600,582,97,64.40677966,6,2013
Lake Powell,1905787.703,27117496.67,24312.76596,12156.38298,50,-42.52873563,7,2013
Lake Mead,998719.6702,26754185.72,26121.51899,22203.29114,85,136.1111111,7,2013
Lake Mohave,936085.2364,26495712.85,1700,629,37,-51.31578947,7,2013
Lake Havasu,1017148.235,26151687.08,600,582,97,16.86746988,7,2013
Lake Powell,1905787.703,27117496.67,24312.76596,7293.829787,30,-46.42857143,8,2013
Lake Mead,998719.6702,26754185.72,26121.51899,17762.63291,68,-5.555555556,8,2013
Lake Mohave,936085.2364,26495712.85,1700,1462,86,100,8,2013
Lake Havasu,1017148.235,26151687.08,600,264,44,-40.54054054,8,2013
Lake Powell,1905787.703,27117496.67,24312.76596,18720.82979,77,67.39130435,9,2013
Lake Mead,998719.6702,26754185.72,26121.51899,24554.22785,94,74.07407407,9,2013
Lake Mohave,936085.2364,26495712.85,1700,1292,76,-20.83333333,9,2013
Lake Havasu,1017148.235,26151687.08,600,576,96,17.07317073,9,2013
Lake Powell,1905787.703,27117496.67,24312.76596,23826.51064,98,60.6557377,10,2013
Lake Mead,998719.6702,26754185.72,26121.51899,21942.07595,84,27.27272727,10,2013
Lake Mohave,936085.2364,26495712.85,1700,1649,97,32.87671233,10,2013
Lake Havasu,1017148.235,26151687.08,600,288,48,-9.433962264,10,2013
Lake Powell,1905787.703,27117496.67,24312.76596,15560.17021,64,1.587301587,11,2013
Lake Mead,998719.6702,26754185.72,26121.51899,16456.55696,63,103.2258065,11,2013
Lake Mohave,936085.2364,26495712.85,1700,1088,64,-24.70588235,11,2013
Lake Havasu,1017148.235,26151687.08,600,432,72,14.28571429,11,2013
Lake Powell,1905787.703,27117496.67,24312.76596,16046.42553,66,-21.42857143,12,2013
Lake Mead,998719.6702,26754185.72,26121.51899,9926.177215,38,-41.53846154,12,2013
Lake Mohave,936085.2364,26495712.85,1700,1241,73,73.80952381,12,2013
Lake Havasu,1017148.235,26151687.08,600,576,96,5.494505495,12,2013
Lake Powell,1905787.703,27117496.67,24312.76596,20665.85106,85,6.25,1,2014
Lake Mead,998719.6702,26754185.72,26121.51899,25860.3038,99,83.33333333,1,2014
Lake Mohave,936085.2364,26495712.85,1700,1683,99,182.8571429,1,2014
Lake Havasu,1017148.235,26151687.08,600,474,79,-11.23595506,1,2014
Lake Powell,1905787.703,27117496.67,24312.76596,17018.93617,70,-13.58024691,2,2014
Lake Mead,998719.6702,26754185.72,26121.51899,20113.56962,77,-2.53164557,2,2014
Lake Mohave,936085.2364,26495712.85,1700,1105,65,85.71428571,2,2014
Lake Havasu,1017148.235,26151687.08,600,546,91,1.111111111,2,2014
Lake Powell,1905787.703,27117496.67,24312.76596,22367.74468,92,4.545454545,3,2014
Lake Mead,998719.6702,26754185.72,26121.51899,18807.49367,72,-22.58064516,3,2014
Lake Mohave,936085.2364,26495712.85,1700,1224,72,30.90909091,3,2014
Lake Havasu,1017148.235,26151687.08,600,384,64,88.23529412,3,2014
Lake Powell,1905787.703,27117496.67,24312.76596,23583.38298,97,90.19607843,4,2014
Lake Mead,998719.6702,26754185.72,26121.51899,19591.13924,75,44.23076923,4,2014
Lake Mohave,936085.2364,26495712.85,1700,612,36,-35.71428571,4,2014
Lake Havasu,1017148.235,26151687.08,600,420,70,52.17391304,4,2014
Lake Powell,1905787.703,27117496.67,24312.76596,18234.57447,75,19.04761905,5,2014
Lake Mead,998719.6702,26754185.72,26121.51899,13060.75949,50,38.88888889,5,2014
Lake Mohave,936085.2364,26495712.85,1700,1173,69,56.81818182,5,2014
Lake Havasu,1017148.235,26151687.08,600,480,80,33.33333333,5,2014
Lake Powell,1905787.703,27117496.67,24312.76596,20908.97872,86,-12.24489796,6,2014
Lake Mead,998719.6702,26754185.72,26121.51899,11754.68354,45,-51.08695652,6,2014
Lake Mohave,936085.2364,26495712.85,1700,1581,93,36.76470588,6,2014
Lake Havasu,1017148.235,26151687.08,600,198,33,-65.97938144,6,2014
Lake Powell,1905787.703,27117496.67,24312.76596,20908.97872,86,72,7,2014
Lake Mead,998719.6702,26754185.72,26121.51899,16978.98734,65,-23.52941176,7,2014
Lake Mohave,936085.2364,26495712.85,1700,629,37,0,7,2014
Lake Havasu,1017148.235,26151687.08,600,360,60,-38.1443299,7,2014
Lake Powell,1905787.703,27117496.67,24312.76596,22367.74468,92,206.6666667,8,2014
Lake Mead,998719.6702,26754185.72,26121.51899,18546.27848,71,4.411764706,8,2014
Lake Mohave,936085.2364,26495712.85,1700,629,37,-56.97674419,8,2014
Lake Havasu,1017148.235,26151687.08,600,408,68,54.54545455,8,2014
Lake Powell,1905787.703,27117496.67,24312.76596,17262.06383,71,-7.792207792,9,2014
Lake Mead,998719.6702,26754185.72,26121.51899,14105.62025,54,-42.55319149,9,2014
Lake Mohave,936085.2364,26495712.85,1700,1275,75,-1.315789474,9,2014
Lake Havasu,1017148.235,26151687.08,600,210,35,-63.54166667,9,2014
Lake Powell,1905787.703,27117496.67,24312.76596,20665.85106,85,-13.26530612,10,2014
Lake Mead,998719.6702,26754185.72,26121.51899,12538.32911,48,-42.85714286,10,2014
Lake Mohave,936085.2364,26495712.85,1700,1190,70,-27.83505155,10,2014
Lake Havasu,1017148.235,26151687.08,600,456,76,58.33333333,10,2014
Lake Powell,1905787.703,27117496.67,24312.76596,22367.74468,92,43.75,11,2014
Lake Mead,998719.6702,26754185.72,26121.51899,22986.93671,88,39.68253968,11,2014
Lake Mohave,936085.2364,26495712.85,1700,595,35,-45.3125,11,2014
Lake Havasu,1017148.235,26151687.08,600,348,58,-19.44444444,11,2014
Lake Powell,1905787.703,27117496.67,24312.76596,18477.70213,76,15.15151515,12,2014
Lake Mead,998719.6702,26754185.72,26121.51899,14628.05063,56,47.36842105,12,2014
Lake Mohave,936085.2364,26495712.85,1700,1513,89,21.91780822,12,2014
Lake Havasu,1017148.235,26151687.08,600,540,90,-6.25,12,2014
Lake Powell,1905787.703,27117496.67,24312.76596,18963.95745,78,-8.235294118,1,2015
Lake Mead,998719.6702,26754185.72,26121.51899,18807.49367,72,-27.27272727,1,2015
Lake Mohave,936085.2364,26495712.85,1700,1105,65,-34.34343434,1,2015
Lake Havasu,1017148.235,26151687.08,600,420,70,-11.39240506,1,2015
Lake Powell,1905787.703,27117496.67,24312.76596,19936.46809,82,17.14285714,2,2015
Lake Mead,998719.6702,26754185.72,26121.51899,25599.08861,98,27.27272727,2,2015
Lake Mohave,936085.2364,26495712.85,1700,663,39,-40,2,2015
Lake Havasu,1017148.235,26151687.08,600,288,48,-47.25274725,2,2015
Lake Powell,1905787.703,27117496.67,24312.76596,10697.61702,44,-52.17391304,3,2015
Lake Mead,998719.6702,26754185.72,26121.51899,24293.01266,93,29.16666667,3,2015
Lake Mohave,936085.2364,26495712.85,1700,1292,76,5.555555556,3,2015
Lake Havasu,1017148.235,26151687.08,600,420,70,9.375,3,2015
Lake Powell,1905787.703,27117496.67,24312.76596,13858.2766,57,-41.2371134,4,2015
Lake Mead,998719.6702,26754185.72,26121.51899,18023.8481,69,-8,4,2015
Lake Mohave,936085.2364,26495712.85,1700,748,44,22.22222222,4,2015
Lake Havasu,1017148.235,26151687.08,600,222,37,-47.14285714,4,2015
Lake Powell,1905787.703,27117496.67,24312.76596,13128.89362,54,-28,5,2015
Lake Mead,998719.6702,26754185.72,26121.51899,21680.86076,83,66,5,2015
Lake Mohave,936085.2364,26495712.85,1700,1343,79,14.49275362,5,2015
Lake Havasu,1017148.235,26151687.08,600,228,38,-52.5,5,2015
Lake Powell,1905787.703,27117496.67,24312.76596,10697.61702,44,-48.8372093,6,2015
Lake Mead,998719.6702,26754185.72,26121.51899,20113.56962,77,71.11111111,6,2015
Lake Mohave,936085.2364,26495712.85,1700,850,50,-46.23655914,6,2015
Lake Havasu,1017148.235,26151687.08,600,528,88,166.6666667,6,2015
Lake Powell,1905787.703,27117496.67,24312.76596,22367.74468,92,6.976744186,7,2015
Lake Mead,998719.6702,26754185.72,26121.51899,16717.77215,64,-1.538461538,7,2015
Lake Mohave,936085.2364,26495712.85,1700,680,40,8.108108108,7,2015
Lake Havasu,1017148.235,26151687.08,600,276,46,-23.33333333,7,2015
Lake Powell,1905787.703,27117496.67,24312.76596,24069.6383,99,7.608695652,8,2015
Lake Mead,998719.6702,26754185.72,26121.51899,13583.18987,52,-26.76056338,8,2015
Lake Mohave,936085.2364,26495712.85,1700,935,55,48.64864865,8,2015
Lake Havasu,1017148.235,26151687.08,600,486,81,19.11764706,8,2015
Lake Powell,1905787.703,27117496.67,24312.76596,8509.468085,35,-50.70422535,9,2015
Lake Mead,998719.6702,26754185.72,26121.51899,16195.34177,62,14.81481481,9,2015
Lake Mohave,936085.2364,26495712.85,1700,1088,64,-14.66666667,9,2015
Lake Havasu,1017148.235,26151687.08,600,594,99,182.8571429,9,2015
Lake Powell,1905787.703,27117496.67,24312.76596,21881.48936,90,5.882352941,10,2015
Lake Mead,998719.6702,26754185.72,26121.51899,10971.03797,42,-12.5,10,2015
Lake Mohave,936085.2364,26495712.85,1700,1564,92,31.42857143,10,2015
Lake Havasu,1017148.235,26151687.08,600,390,65,-14.47368421,10,2015
Lake Powell,1905787.703,27117496.67,24312.76596,24069.6383,99,7.608695652,11,2015
Lake Mead,998719.6702,26754185.72,26121.51899,20374.78481,78,-11.36363636,11,2015
Lake Mohave,936085.2364,26495712.85,1700,884,52,48.57142857,11,2015
Lake Havasu,1017148.235,26151687.08,600,552,92,58.62068966,11,2015
Lake Powell,1905787.703,27117496.67,24312.76596,19450.21277,80,5.263157895,12,2015
Lake Mead,998719.6702,26754185.72,26121.51899,8358.886076,32,-42.85714286,12,2015
Lake Mohave,936085.2364,26495712.85,1700,1054,62,-30.33707865,12,2015
Lake Havasu,1017148.235,26151687.08,600,330,55,-38.88888889,12,2015
Lake Powell,1905787.703,27117496.67,24312.76596,9481.978723,39,-50,1,2016
Lake Mead,998719.6702,26754185.72,26121.51899,19852.35443,76,5.555555556,1,2016
Lake Mohave,936085.2364,26495712.85,1700,527,31,-52.30769231,1,2016
Lake Havasu,1017148.235,26151687.08,600,450,75,7.142857143,1,2016
Lake Powell,1905787.703,27117496.67,24312.76596,12642.6383,52,-36.58536585,2,2016
Lake Mead,998719.6702,26754185.72,26121.51899,8358.886076,32,-67.34693878,2,2016
Lake Mohave,936085.2364,26495712.85,1700,935,55,41.02564103,2,2016
Lake Havasu,1017148.235,26151687.08,600,456,76,58.33333333,2,2016
Lake Powell,1905787.703,27117496.67,24312.76596,16289.55319,67,52.27272727,3,2016
Lake Mead,998719.6702,26754185.72,26121.51899,23248.1519,89,-4.301075269,3,2016
Lake Mohave,936085.2364,26495712.85,1700,612,36,-52.63157895,3,2016
Lake Havasu,1017148.235,26151687.08,600,246,41,-41.42857143,3,2016
Lake Powell,1905787.703,27117496.67,24312.76596,17748.31915,73,28.07017544,4,2016
Lake Mead,998719.6702,26754185.72,26121.51899,10448.60759,40,-42.02898551,4,2016
Lake Mohave,936085.2364,26495712.85,1700,1292,76,72.72727273,4,2016
Lake Havasu,1017148.235,26151687.08,600,546,91,145.9459459,4,2016
Lake Powell,1905787.703,27117496.67,24312.76596,12642.6383,52,-3.703703704,5,2016
Lake Mead,998719.6702,26754185.72,26121.51899,16978.98734,65,-21.68674699,5,2016
Lake Mohave,936085.2364,26495712.85,1700,1207,71,-10.12658228,5,2016
Lake Havasu,1017148.235,26151687.08,600,258,43,13.15789474,5,2016
Lake Powell,1905787.703,27117496.67,24312.76596,22854,94,113.6363636,6,2016
Lake Mead,998719.6702,26754185.72,26121.51899,14628.05063,56,-27.27272727,6,2016
Lake Mohave,936085.2364,26495712.85,1700,1241,73,46,6,2016
Lake Havasu,1017148.235,26151687.08,600,516,86,-2.272727273,6,2016
Lake Powell,1905787.703,27117496.67,24312.76596,22124.61702,91,-1.086956522,7,2016
Lake Mead,998719.6702,26754185.72,26121.51899,13060.75949,50,-21.875,7,2016
Lake Mohave,936085.2364,26495712.85,1700,1666,98,145,7,2016
Lake Havasu,1017148.235,26151687.08,600,264,44,-4.347826087,7,2016
Lake Powell,1905787.703,27117496.67,24312.76596,9481.978723,39,-60.60606061,8,2016
Lake Mead,998719.6702,26754185.72,26121.51899,13844.40506,53,1.923076923,8,2016
Lake Mohave,936085.2364,26495712.85,1700,1394,82,49.09090909,8,2016
Lake Havasu,1017148.235,26151687.08,600,522,87,7.407407407,8,2016
Lake Powell,1905787.703,27117496.67,24312.76596,8752.595745,36,2.857142857,9,2016
Lake Mead,998719.6702,26754185.72,26121.51899,25860.3038,99,59.67741935,9,2016
Lake Mohave,936085.2364,26495712.85,1700,1394,82,28.125,9,2016
Lake Havasu,1017148.235,26151687.08,600,546,91,-8.080808081,9,2016
Lake Powell,1905787.703,27117496.67,24312.76596,9481.978723,39,-56.66666667,10,2016
Lake Mead,998719.6702,26754185.72,26121.51899,26121.51899,100,138.0952381,10,2016
Lake Mohave,936085.2364,26495712.85,1700,1581,93,1.086956522,10,2016
Lake Havasu,1017148.235,26151687.08,600,354,59,-9.230769231,10,2016
Lake Powell,1905787.703,27117496.67,24312.76596,9968.234043,41,-58.58585859,11,2016
Lake Mead,998719.6702,26754185.72,26121.51899,18023.8481,69,-11.53846154,11,2016
Lake Mohave,936085.2364,26495712.85,1700,1581,93,78.84615385,11,2016
Lake Havasu,1017148.235,26151687.08,600,426,71,-22.82608696,11,2016
Lake Powell,1905787.703,27117496.67,24312.76596,8266.340426,34,-57.5,12,2016
Lake Mead,998719.6702,26754185.72,26121.51899,20636,79,146.875,12,2016
Lake Mohave,936085.2364,26495712.85,1700,986,58,-6.451612903,12,2016
Lake Havasu,1017148.235,26151687.08,600,360,60,9.090909091,12,2016
Lake Powell,1905787.703,27117496.67,24312.76596,20908.97872,86,120.5128205,1,2017
Lake Mead,998719.6702,26754185.72,26121.51899,24293.01266,93,22.36842105,1,2017
Lake Mohave,936085.2364,26495712.85,1700,629,37,19.35483871,1,2017
Lake Havasu,1017148.235,26151687.08,600,330,55,-26.66666667,1,2017
Lake Powell,1905787.703,27117496.67,24312.76596,24312.76596,100,92.30769231,2,2017
Lake Mead,998719.6702,26754185.72,26121.51899,15672.91139,60,87.5,2,2017
Lake Mohave,936085.2364,26495712.85,1700,1173,69,25.45454545,2,2017
Lake Havasu,1017148.235,26151687.08,600,222,37,-51.31578947,2,2017
Lake Powell,1905787.703,27117496.67,24312.76596,21881.48936,90,34.32835821,3,2017
Lake Mead,998719.6702,26754185.72,26121.51899,21158.43038,81,-8.988764045,3,2017
Lake Mohave,936085.2364,26495712.85,1700,952,56,55.55555556,3,2017
Lake Havasu,1017148.235,26151687.08,600,432,72,75.6097561,3,2017
Lake Powell,1905787.703,27117496.67,24312.76596,8995.723404,37,-49.31506849,4,2017
Lake Mead,998719.6702,26754185.72,26121.51899,10709.82278,41,2.5,4,2017
Lake Mohave,936085.2364,26495712.85,1700,1071,63,-17.10526316,4,2017
Lake Havasu,1017148.235,26151687.08,600,570,95,4.395604396,4,2017
Lake Powell,1905787.703,27117496.67,24312.76596,20179.59574,83,59.61538462,5,2017
Lake Mead,998719.6702,26754185.72,26121.51899,21942.07595,84,29.23076923,5,2017
Lake Mohave,936085.2364,26495712.85,1700,1377,81,14.08450704,5,2017
Lake Havasu,1017148.235,26151687.08,600,360,60,39.53488372,5,2017
Lake Powell,1905787.703,27117496.67,24312.76596,11427,47,-50,6,2017
Lake Mead,998719.6702,26754185.72,26121.51899,12538.32911,48,-14.28571429,6,2017
Lake Mohave,936085.2364,26495712.85,1700,510,30,-58.90410959,6,2017
Lake Havasu,1017148.235,26151687.08,600,390,65,-24.41860465,6,2017
Lake Powell,1905787.703,27117496.67,24312.76596,13858.2766,57,-37.36263736,7,2017
Lake Mead,998719.6702,26754185.72,26121.51899,9664.962025,37,-26,7,2017
Lake Mohave,936085.2364,26495712.85,1700,1275,75,-23.46938776,7,2017
Lake Havasu,1017148.235,26151687.08,600,432,72,63.63636364,7,2017
Lake Powell,1905787.703,27117496.67,24312.76596,11427,47,20.51282051,8,2017
Lake Mead,998719.6702,26754185.72,26121.51899,20897.21519,80,50.94339623,8,2017
Lake Mohave,936085.2364,26495712.85,1700,1581,93,13.41463415,8,2017
Lake Havasu,1017148.235,26151687.08,600,468,78,-10.34482759,8,2017
Lake Powell,1905787.703,27117496.67,24312.76596,13615.14894,56,55.55555556,9,2017
Lake Mead,998719.6702,26754185.72,26121.51899,8358.886076,32,-67.67676768,9,2017
Lake Mohave,936085.2364,26495712.85,1700,1105,65,-20.73170732,9,2017
Lake Havasu,1017148.235,26151687.08,600,396,66,-27.47252747,9,2017
Lake Powell,1905787.703,27117496.67,24312.76596,13128.89362,54,38.46153846,10,2017
Lake Mead,998719.6702,26754185.72,26121.51899,22986.93671,88,-12,10,2017
Lake Mohave,936085.2364,26495712.85,1700,986,58,-37.6344086,10,2017
Lake Havasu,1017148.235,26151687.08,600,276,46,-22.03389831,10,2017
